<?xml version="1.0" encoding="UTF-8"?>
<con:soapui-project id="e7337331-ed5d-44db-a227-34b897fd037a" activeEnvironment="Default" name="REST Project_SDET" soapui-version="5.4.0" abortOnError="false" runType="SEQUENTIAL" xmlns:con="http://eviware.com/soapui/config"><con:settings/><con:interface xsi:type="con:RestService" id="ad1fa2ea-7ca5-49df-9c85-c0c0887b2ea2" wadlVersion="http://wadl.dev.java.net/2009/02" name="https://jsonplaceholder.typicode.com" type="rest" xmlns:xsi="http://www.w3.org/2001/XMLSchema-instance"><con:settings/><con:definitionCache type="TEXT" rootPart=""/><con:endpoints><con:endpoint>https://jsonplaceholder.typicode.com</con:endpoint></con:endpoints><con:resource name="" path="/{Path}/{Path2}/{Path3}" id="88d42448-cc93-44dc-8071-7b82adb88691"><con:settings/><con:parameters><con:parameter><con:name>Path</con:name><con:value/><con:style>TEMPLATE</con:style><con:default/><con:description xsi:nil="true"/></con:parameter><con:parameter><con:name>Path2</con:name><con:value/><con:style>TEMPLATE</con:style><con:default/><con:description xsi:nil="true"/></con:parameter><con:parameter><con:name>Path3</con:name><con:value/><con:style>TEMPLATE</con:style><con:default/><con:description xsi:nil="true"/></con:parameter><con:parameter><con:name>postId</con:name><con:value/><con:style>QUERY</con:style><con:default/><con:description xsi:nil="true"/></con:parameter><con:parameter><con:name>userId</con:name><con:value/><con:style>QUERY</con:style><con:default/><con:description xsi:nil="true"/></con:parameter></con:parameters><con:method name="1" id="524eeb46-0138-43f2-a98f-d66c4a28edce" method="GET"><con:settings/><con:parameters/><con:representation type="RESPONSE"><con:mediaType>application/json; charset=utf-8</con:mediaType><con:status>200</con:status><con:params/><con:element>Response</con:element></con:representation><con:representation type="FAULT"><con:mediaType>application/json; charset=utf-8</con:mediaType><con:status>404</con:status><con:params/><con:element>Fault</con:element></con:representation><con:representation type="RESPONSE"><con:mediaType>text/html; charset=UTF-8</con:mediaType><con:status>200</con:status><con:params/><con:element>html</con:element></con:representation><con:request name="Request 1" id="4ef1b7f5-c242-4d6f-b620-11ecb1def340" mediaType="application/json"><con:settings><con:setting id="com.eviware.soapui.impl.wsdl.WsdlRequest@request-headers">&lt;xml-fragment/></con:setting></con:settings><con:endpoint>https://jsonplaceholder.typicode.com</con:endpoint><con:request/><con:originalUri>https://jsonplaceholder.typicode.com/posts</con:originalUri><con:credentials><con:authType>No Authorization</con:authType></con:credentials><con:jmsConfig JMSDeliveryMode="PERSISTENT"/><con:jmsPropertyConfig/><con:parameters>
  <con:entry key="Path" value="posts"/>
  <con:entry key="Path2" value="6"/>
  <con:entry key="Path3" value="Comments"/>
</con:parameters><con:parameterOrder><con:entry>Path</con:entry><con:entry>Path2</con:entry><con:entry>Path3</con:entry><con:entry>postId</con:entry><con:entry>userId</con:entry></con:parameterOrder></con:request></con:method></con:resource><con:resource name="posts" path="/posts" id="408b2082-3cee-4f9a-8bd6-a4f2fbdce423"><con:settings/><con:parameters/><con:method name="Method 1" id="c413eb35-9e30-4f4e-b399-be236045d9eb" method="POST"><con:settings/><con:parameters/><con:representation type="REQUEST"><con:mediaType>application/json</con:mediaType><con:params/></con:representation><con:representation type="RESPONSE"><con:mediaType>application/json; charset=utf-8</con:mediaType><con:status>201</con:status><con:params/><con:element xmlns:pos="https://jsonplaceholder.typicode.com/posts">pos:Response</con:element></con:representation><con:request name="Request 1" id="d7acab9b-2794-41be-8c5b-012ab1b86a47" mediaType="application/json" postQueryString="false"><con:settings><con:setting id="com.eviware.soapui.impl.wsdl.WsdlRequest@request-headers">&lt;xml-fragment/></con:setting></con:settings><con:endpoint>https://jsonplaceholder.typicode.com</con:endpoint><con:request>{
	"title": "foort",
	"body": "bar",
	"userId": 1
}
</con:request><con:originalUri>https://jsonplaceholder.typicode.com/posts</con:originalUri><con:credentials><con:authType>No Authorization</con:authType></con:credentials><con:jmsConfig JMSDeliveryMode="PERSISTENT"/><con:jmsPropertyConfig/><con:parameters/></con:request></con:method></con:resource><con:resource name="Update a Post by PUT" path="/posts/7" id="408b2082-3cee-4f9a-8bd6-a4f2fbdce423"><con:settings/><con:parameters/><con:method name="Method 1" id="c413eb35-9e30-4f4e-b399-be236045d9eb" method="PUT"><con:settings/><con:parameters/><con:representation type="REQUEST"><con:mediaType>application/json</con:mediaType><con:params/></con:representation><con:representation type="RESPONSE"><con:mediaType>application/json; charset=utf-8</con:mediaType><con:status>201 200</con:status><con:params/><con:element xmlns:pos="https://jsonplaceholder.typicode.com/posts">pos:Response</con:element></con:representation><con:representation type="FAULT"><con:mediaType>application/json; charset=utf-8</con:mediaType><con:status>404</con:status><con:params/><con:element>Fault</con:element></con:representation><con:request name="Request 1" id="d7acab9b-2794-41be-8c5b-012ab1b86a47" mediaType="application/json" postQueryString="false"><con:settings><con:setting id="com.eviware.soapui.impl.wsdl.WsdlRequest@request-headers">&lt;xml-fragment/></con:setting></con:settings><con:endpoint>https://jsonplaceholder.typicode.com</con:endpoint><con:request>{
	"title": "fooe",
	"body": "bar",
	"userId": 1
}
</con:request><con:originalUri>https://jsonplaceholder.typicode.com/posts</con:originalUri><con:credentials><con:authType>No Authorization</con:authType></con:credentials><con:jmsConfig JMSDeliveryMode="PERSISTENT"/><con:jmsPropertyConfig/><con:parameters/></con:request></con:method></con:resource><con:resource name="Update a Post by PATCH" path="/posts/7" id="408b2082-3cee-4f9a-8bd6-a4f2fbdce423"><con:settings/><con:parameters/><con:method name="Method 1" id="c413eb35-9e30-4f4e-b399-be236045d9eb" method="PATCH"><con:settings/><con:parameters/><con:representation type="REQUEST"><con:mediaType>application/json</con:mediaType><con:params/></con:representation><con:representation type="RESPONSE"><con:mediaType>application/json; charset=utf-8</con:mediaType><con:status>201 200</con:status><con:params/><con:element xmlns:pos="https://jsonplaceholder.typicode.com/posts">pos:Response</con:element></con:representation><con:representation type="FAULT"><con:mediaType>application/json; charset=utf-8</con:mediaType><con:status>404</con:status><con:params/><con:element>Fault</con:element></con:representation><con:representation type="FAULT"><con:mediaType>text/html; charset=utf-8</con:mediaType><con:status>500</con:status><con:params/><con:element>html</con:element></con:representation><con:request name="Request 1" id="d7acab9b-2794-41be-8c5b-012ab1b86a47" mediaType="application/json" postQueryString="false"><con:settings><con:setting id="com.eviware.soapui.impl.wsdl.WsdlRequest@request-headers">&lt;xml-fragment/></con:setting></con:settings><con:endpoint>https://jsonplaceholder.typicode.com</con:endpoint><con:request>{
	"title": "Updated"
}
</con:request><con:originalUri>https://jsonplaceholder.typicode.com/posts</con:originalUri><con:credentials><con:authType>No Authorization</con:authType></con:credentials><con:jmsConfig JMSDeliveryMode="PERSISTENT"/><con:jmsPropertyConfig/><con:parameters/></con:request></con:method></con:resource></con:interface><con:testSuite id="04f2e224-1a81-4a24-8c20-9260393ba2b4" name="TestSuite 1"><con:settings/><con:runType>SEQUENTIAL</con:runType><con:testCase id="434c3a28-5677-45a3-bfc0-adf81a596cdf" failOnError="true" failTestCaseOnErrors="true" keepSession="false" maxResults="0" name="TestCase 1" searchProperties="true"><con:settings/><con:testStep type="restrequest" name="Retreive Posts" id="4f03fce3-4a87-4366-ad67-783f4624954d"><con:settings/><con:config service="https://jsonplaceholder.typicode.com" resourcePath="/{Path}/{Path2}/{Path3}" methodName="1" xsi:type="con:RestRequestStep" xmlns:xsi="http://www.w3.org/2001/XMLSchema-instance"><con:restRequest name="Retreive Posts" id="4ef1b7f5-c242-4d6f-b620-11ecb1def340" mediaType="application/json"><con:settings><con:setting id="com.eviware.soapui.impl.wsdl.WsdlRequest@request-headers">&lt;xml-fragment/></con:setting></con:settings><con:endpoint>https://jsonplaceholder.typicode.com</con:endpoint><con:request/><con:originalUri>https://jsonplaceholder.typicode.com/posts</con:originalUri><con:assertion type="JsonPath Count" id="5e578faa-a443-4aed-b500-39d5bbd79c31" name="JsonPath Count"><con:configuration><path>$[2]['body']</path><content>1</content><allowWildcards>false</allowWildcards><ignoreNamspaceDifferences>false</ignoreNamspaceDifferences><ignoreComments>false</ignoreComments></con:configuration></con:assertion><con:assertion type="JsonPath Match" id="3bab8bd1-86b9-4187-8790-590f50ef36e2" name="JsonPath Match"><con:configuration><path>$[1]['body']</path><content>est natus enim nihil est dolore omnis voluptatem numquam
et omnis occaecati quod ullam at
voluptatem error expedita pariatur
nihil sint nostrum voluptatem reiciendis et</content><allowWildcards>false</allowWildcards><ignoreNamspaceDifferences>false</ignoreNamspaceDifferences><ignoreComments>false</ignoreComments></con:configuration></con:assertion><con:credentials><con:authType>No Authorization</con:authType></con:credentials><con:jmsConfig JMSDeliveryMode="PERSISTENT"/><con:jmsPropertyConfig/><con:parameters>
  <con:entry key="Path" value="posts"/>
  <con:entry key="Path2" value="2"/>
  <con:entry key="Path3" value="comments"/>
</con:parameters><con:parameterOrder><con:entry>Path</con:entry><con:entry>Path2</con:entry><con:entry>Path3</con:entry><con:entry>postId</con:entry><con:entry>userId</con:entry></con:parameterOrder></con:restRequest></con:config></con:testStep><con:testStep type="restrequest" name="Retreieve Posts_2" id="6c96f020-6dbb-4a4f-8905-8feb0fe54c3e"><con:settings/><con:config service="https://jsonplaceholder.typicode.com" resourcePath="/{Path}/{Path2}/{Path3}" methodName="1" xsi:type="con:RestRequestStep" xmlns:xsi="http://www.w3.org/2001/XMLSchema-instance"><con:restRequest name="Retreieve Posts_2" id="4ef1b7f5-c242-4d6f-b620-11ecb1def340" mediaType="application/json"><con:settings><con:setting id="com.eviware.soapui.impl.wsdl.WsdlRequest@request-headers">&lt;xml-fragment/></con:setting></con:settings><con:endpoint>https://jsonplaceholder.typicode.com</con:endpoint><con:request/><con:originalUri>https://jsonplaceholder.typicode.com/posts</con:originalUri><con:credentials><con:authType>No Authorization</con:authType></con:credentials><con:jmsConfig JMSDeliveryMode="PERSISTENT"/><con:jmsPropertyConfig/><con:parameters>
  <con:entry key="Path" value="posts"/>
  <con:entry key="Path2" value="2"/>
</con:parameters><con:parameterOrder><con:entry>Path</con:entry><con:entry>Path2</con:entry><con:entry>Path3</con:entry><con:entry>postId</con:entry><con:entry>userId</con:entry></con:parameterOrder></con:restRequest></con:config></con:testStep><con:testStep type="restrequest" name="Retreieve Comments" id="627fe43a-ffc7-4913-8939-c061b7037c89"><con:settings/><con:config service="https://jsonplaceholder.typicode.com" resourcePath="/{Path}/{Path2}/{Path3}" methodName="1" xsi:type="con:RestRequestStep" xmlns:xsi="http://www.w3.org/2001/XMLSchema-instance"><con:restRequest name="Retreieve Comments" id="4ef1b7f5-c242-4d6f-b620-11ecb1def340" mediaType="application/json"><con:settings><con:setting id="com.eviware.soapui.impl.wsdl.WsdlRequest@request-headers">&lt;xml-fragment/></con:setting></con:settings><con:endpoint>https://jsonplaceholder.typicode.com</con:endpoint><con:request/><con:originalUri>https://jsonplaceholder.typicode.com/posts</con:originalUri><con:credentials><con:authType>No Authorization</con:authType></con:credentials><con:jmsConfig JMSDeliveryMode="PERSISTENT"/><con:jmsPropertyConfig/><con:parameters>
  <con:entry key="Path" value="comments"/>
  <con:entry key="postId" value="5"/>
</con:parameters><con:parameterOrder><con:entry>Path</con:entry><con:entry>Path2</con:entry><con:entry>Path3</con:entry><con:entry>postId</con:entry><con:entry>userId</con:entry></con:parameterOrder></con:restRequest></con:config></con:testStep><con:testStep type="restrequest" name="Retreieve Posts for given UserID" id="f928470d-008f-47b2-b829-fe14612d87bb"><con:settings/><con:config service="https://jsonplaceholder.typicode.com" resourcePath="/{Path}/{Path2}/{Path3}" methodName="1" xsi:type="con:RestRequestStep" xmlns:xsi="http://www.w3.org/2001/XMLSchema-instance"><con:restRequest name="Retreieve Posts for given UserID" id="4ef1b7f5-c242-4d6f-b620-11ecb1def340" mediaType="application/json"><con:settings><con:setting id="com.eviware.soapui.impl.wsdl.WsdlRequest@request-headers">&lt;xml-fragment/></con:setting></con:settings><con:endpoint>https://jsonplaceholder.typicode.com</con:endpoint><con:request/><con:originalUri>https://jsonplaceholder.typicode.com/posts</con:originalUri><con:credentials><con:authType>No Authorization</con:authType></con:credentials><con:jmsConfig JMSDeliveryMode="PERSISTENT"/><con:jmsPropertyConfig/><con:parameters>
  <con:entry key="Path" value="posts"/>
  <con:entry key="userId" value="1"/>
</con:parameters><con:parameterOrder><con:entry>Path</con:entry><con:entry>Path2</con:entry><con:entry>Path3</con:entry><con:entry>postId</con:entry><con:entry>userId</con:entry></con:parameterOrder></con:restRequest></con:config></con:testStep><con:properties/></con:testCase><con:properties/></con:testSuite><con:properties/><con:wssContainer/><con:oAuth2ProfileContainer/><con:oAuth1ProfileContainer/><con:sensitiveInformation/></con:soapui-project>